rain_tercile,agb_class,n_cells,mean_burned_pct
drier,<10,1542,37.92937688798991
drier,10–25,833,37.320823201852654
drier,25–50,545,28.60285765062486
drier,50–100,283,17.8722839217041
drier,100–150,68,4.911118916452134
drier,≥150,170,1.1508575129716794
middle,<10,1152,24.110311685294818
middle,10–25,713,19.818937317567563
middle,25–50,706,15.78758717532236
middle,50–100,348,13.283897927926617
middle,100–150,186,10.110534814133137
middle,≥150,350,3.213819820110346
wetter,<10,327,32.62235664313943
wetter,10–25,410,19.91448693447805
wetter,25–50,518,15.54952550778102
wetter,50–100,722,12.047807367681447
wetter,100–150,669,4.377941086221912
wetter,≥150,802,0.7413088909821752
